Ship name,Home port,Lat,Lng,Total quota
CORNELIS VROLIJK FZN,IJMUIDEN,52.4569544,4.6060138,457166
VOYAGER,LONDONDERRY,54.9966124,-7.3085748,405537
CHRIS ANDRA,FRASERBURGH,57.693352,-2.007631,292143
PATHWAY,PETERHEAD,57.508123,-1.784066,290352
QUANTUS,PETERHEAD,57.508123,-1.784066,173995
CHRISTINA S,FRASERBURGH,57.693352,-2.007631,168076
RESEARCH W,WHALSAY AND SKERRIES,60.2915931,-0.9537366,163974
SERENE,LERWICK,60.155823,-1.144569,160038
SERENE,LERWICK,60.155823,-1.144569,160038
SERENE,LERWICK,60.155823,-1.144569,160038
LUNAR BOW,PETERHEAD,57.508123,-1.784066,159377
ANTARES,KILKEEL,54.0630359,-6.0069415,143834
ZEPHYR,KILKEEL,54.0630359,-6.0069415,139434
WIRON 5,PLYMOUTH,50.3754565,-4.1426565,126957
RESOLUTE,GARDENSTOWN,57.666,-2.333,121454
CHALLENGE,FRASERBURGH,57.693352,-2.007631,113399
TAITS,FRASERBURGH,57.693352,-2.007631,101411
OCEAN QUEST,FRASERBURGH,57.693352,-2.007631,99437
OCEAN VENTURE,PORTAVOGIE,54.46208,-5.44743,95333
CHARISMA,MACDUFF,57.67059,-2.497849,90624
CHARISMA,MACDUFF,57.67059,-2.497849,90624
CHARISMA,MACDUFF,57.67059,-2.497849,90624
FOREVER GRATEFUL,FRASERBURGH,57.693352,-2.007631,90321
UNITY,SEAHOUSES,55.581148,-1.651159,80136
FARNELLA,HULL,53.7456709,-0.3367413,74246
WIRON 6,PLYMOUTH,50.3754565,-4.1426565,72722
ANTARCTIC II,WHALSAY AND SKERRIES,60.2915931,-0.9537366,71216
ARCTIC WARRIOR,HULL,53.7456709,-0.3367413,70379
ADMIRAL GORDON,PLYMOUTH,50.3754565,-4.1426565,55064
HAVILAH,BELFAST,54.597285,-5.93012,54041
NORMA MARY,GRIMSBY,53.567471,-0.080784,43159
AUDACIOUS,PETERHEAD,57.508123,-1.784066,40372
OUR LASS III,NORTH SHIELDS,55.010762,-1.449138,32714
AALSKERE,KIRKWALL,58.984674,-2.962249,32335
PROVIDER II,PLYMOUTH,50.3754565,-4.1426565,26634
BOY ANDREW,ARDGLASS,54.26019,-5.61015,25893
VENTURE II,WHITEHILLS,57.676859,-2.580352,24431
ACHIEVE,FRASERBURGH,57.693352,-2.007631,24193
OPPORTUNE,LERWICK,60.155823,-1.144569,23262
HARVEST HOPE,FRASERBURGH,57.693352,-2.007631,22387
ATLANTIC CHALLENGE,PETERHEAD,57.508123,-1.784066,22104
WILHELMINA,LOWESTOFT,52.481138,1.753449,20955
KEILA,WESTRAY,29.818468,-95.542115,20866
ROSEBLOOM,FRASERBURGH,57.693352,-2.007631,19773
HENDRIK BRANDS,LOWESTOFT,52.481138,1.753449,19345
OCEAN HARVEST,MEVAGISSEY,50.270076,-4.787462,18544
HARVESTER,STONEHAVEN,56.963661,-2.209288,18539
OCEAN BOUNTY,PETERHEAD,57.508123,-1.784066,18465
TRANQUILITY,LERWICK,60.155823,-1.144569,18382
ENDEAVOUR IV,FRASERBURGH,57.693352,-2.007631,17288
MIRANDA,URK,52.6630533,5.5989465,16288
ALISON KAY,LERWICK,60.155823,-1.144569,15701
MARGRIET,HARLINGEN,53.1746381,5.4251517,15698
ACORN,PETERHEAD,57.508123,-1.784066,14865
OUR MELISSA,SCARBOROUGH,54.283113,-0.399752,14673
NINA MAY,BRIXHAM,50.39514,-3.513924,14596
TRANQUILITY,LERWICK,60.155823,-1.144569,14501
BERYL,FRASERBURGH,57.693352,-2.007631,13970
ADMIRAL GRENVILLE,PLYMOUTH,50.3754565,-4.1426565,13803
ADORNE II,PETERHEAD,57.508123,-1.784066,13682
RESILIENT,LERWICK,60.155823,-1.144569,13526
OUR ANNA,NORTH SHIELDS,55.010762,-1.449138,13197
ADVANCE,NORTH SHIELDS,55.010762,-1.449138,12991
HENDRIKA JACOBA,URK,52.6630533,5.5989465,12731
GUARDIAN ANGELL,YELL AND FETLAR,60.616667,-0.866667,12626
TRUI VAN HINTE,URK,52.6630533,5.5989465,11890
O GENITA,NORTH SHIELDS,55.010762,-1.449138,11616
TRANQUILITY,LERWICK,60.155823,-1.144569,11610
CASTLEWOOD,GRIMSBY,53.567471,-0.080784,11601
CASTLEWOOD,GRIMSBY,53.567471,-0.080784,11601
MINERVA,FRASERBURGH,57.693352,-2.007631,11563
VENTURE II,WHITEHILLS,57.676859,-2.580352,11490
SOLA FIDE,NORTH SHIELDS,55.010762,-1.449138,11380
FLOURISH N,MACDUFF,57.67059,-2.497849,11096
SOLI DEO GLORIA,NORTH SHIELDS,55.010762,-1.449138,11063
AYR QUEEN,CORUNNA,43.3623436,-8.4115401,11019
ARCTURUS,HOPEMAN,57.70625,-3.434834,10685
RADIANT STAR,LERWICK,60.155823,-1.144569,10603
DEMARUS,FRASERBURGH,57.693352,-2.007631,10164
GLENUGIE,PETERHEAD,57.508123,-1.784066,10096
BROSME,AYR,55.458564,-4.629179,9840
FLOREAT,SCARBOROUGH,54.283113,-0.399752,9800
ENDEAVOUR IV,FRASERBURGH,57.693352,-2.007631,9763
JODIE,PLYMOUTH,50.3754565,-4.1426565,9701
INVERDALE,AYR,55.458564,-4.629179,9569
FAVONIUS,PETERHEAD,57.508123,-1.784066,9439
SHALIMAR II,PETERHEAD,57.508123,-1.784066,9417
TRANQUILITY,LERWICK,60.155823,-1.144569,9398
QUO VADIS,BUCKIE,57.677392,-2.967311,9186
BUDDING ROSE,PETERHEAD,57.508123,-1.784066,9158
KORNELIS JAN,URK,52.6630533,5.5989465,8894
CRYSTAL RIVER,FRASERBURGH,57.693352,-2.007631,8823
ADVENTURER II,LOCHINVER,58.149735,-5.240615,8791
LOUWE SENIOR,NORTH SHIELDS,55.010762,-1.449138,8773
LOUWE SENIOR,NORTH SHIELDS,55.010762,-1.449138,8773
APOLLO,KINLOCHBERVIE,58.458818,-5.049152,8567
MAIMAI,LOSSIEMOUTH,57.721579,-3.280325,8421
VENTUROUS,WHALSAY AND SKERRIES,60.2915931,-0.9537366,8340
OCEAN VENTURE II,PETERHEAD,57.508123,-1.784066,8311
TRANQUILITY,LERWICK,60.155823,-1.144569,8271
MANUEL LAURA,VIGO,42.2405989,-8.7207268,8141
NEELTJE,NORTH SHIELDS,55.010762,-1.449138,7815
ACHIEVE,FRASERBURGH,57.693352,-2.007631,7797
RENOWN,FRASERBURGH,57.693352,-2.007631,7708
EBEN HAEZER,SCARBOROUGH,54.283113,-0.399752,7625
OCEAN WAY,BUCKIE,57.677392,-2.967311,7470
ENTERPRISE II,MACDUFF,57.67059,-2.497849,7456
FAITHFUL,FRASERBURGH,57.693352,-2.007631,7441
ELLEN,PORTAVOGIE,54.46208,-5.44743,7196
GIRL RONA,TEIGNMOUTH,50.547033,-3.496688,7063
SEAGULL,MACDUFF,57.67059,-2.497849,6943
GENESIS,BUCKIE,57.677392,-2.967311,6826
LAPWING,PETERHEAD,57.508123,-1.784066,6659
ARCTURUS,HOPEMAN,57.70625,-3.434834,6629
BENARKLE,PETERHEAD,57.508123,-1.784066,6517
PHOENIX,FRASERBURGH,57.693352,-2.007631,6384
PHOENIX,FRASERBURGH,57.693352,-2.007631,6384
PHOENIX,FRASERBURGH,57.693352,-2.007631,6384
COURAGEOUS III,GRIMSBY,53.567471,-0.080784,6374
ARDENT II,HOPEMAN,57.70625,-3.434834,6281
SPARKLING STAR IV,KINLOCHBERVIE,58.458818,-5.049152,6241
DEVOTION,LERWICK,60.155823,-1.144569,6172
SERENITY,MACDUFF,57.67059,-2.497849,6098
AYR DAWN,NORTH SHIELDS,55.010762,-1.449138,6078
NEW DAWN,PITTENWEEM,56.214,-2.732285,6047
GOLDEN GAIN V,PETERHEAD,57.508123,-1.784066,5939
MIZPAH LK,SCALLOWAY AND ISLES,60.137715,-1.282203,5928
HELENUS,BUCKIE,57.677392,-2.967311,5893
MARANATHA,PORTAVOGIE,54.46208,-5.44743,5882
CELESTIAL DAWN,GARDENSTOWN,57.666,-2.333,5788
ENTERPRISE,PETERHEAD,57.508123,-1.784066,5706
OPPORTUNUS IV,PETERHEAD,57.508123,-1.784066,5676
SPICA,MARIN,42.3914848,-8.7020824,5664
OPPORTUNE,LERWICK,60.155823,-1.144569,5554
MAR BLANCO,NORTH SHIELDS,55.010762,-1.449138,5472
ANNEGINA,PETERHEAD,57.508123,-1.784066,5389
COPIOUS,LERWICK,60.155823,-1.144569,5353
BONAVENTURE,ARDGLASS,54.26019,-5.61015,5330
FAIRNIES,EYEMOUTH,55.869058,-2.091068,5299
FAIRWAY II,WHALSAY AND SKERRIES,60.2915931,-0.9537366,5272
SUSA UNO,MARIN,42.3914848,-8.7020824,5247
REBECCA,EYEMOUTH,55.869058,-2.091068,5212
ACHATES,EYEMOUTH,55.869058,-2.091068,5165
PROLIFIC,LERWICK,60.155823,-1.144569,5150
POLARIS II,NORTH SHIELDS,55.010762,-1.449138,5073
SARA LENA,SHOREHAM,50.8342086,-0.2715558,5023
CRYSTAL SEA,NEWLYN,50.107058,-5.5503289,4918
CRYSTAL SEA,NEWLYN,50.107058,-5.5503289,4918
CRYSTAL SEA,NEWLYN,50.107058,-5.5503289,4918
CRYSTAL SEA,NEWLYN,50.107058,-5.5503289,4918
OCEAN CHALLENGE,PORTSOY,57.681023,-2.688412,4892
KESTREL,BUCKIE,57.677392,-2.967311,4888
SUSTAIN,PETERHEAD,57.508123,-1.784066,4880
KRISTENBORG,NORTH SHIELDS,55.010762,-1.449138,4877
KRISTENBORG,NORTH SHIELDS,55.010762,-1.449138,4877
KARENANN II,PETERHEAD,57.508123,-1.784066,4780
GOLDEN SCEPTRE,PETERHEAD,57.508123,-1.784066,4691
BROSME,AYR,55.458564,-4.629179,4674
SOLSTICE,FRASERBURGH,57.693352,-2.007631,4624
HARVEST HOPE,FRASERBURGH,57.693352,-2.007631,4506
CABO ORTEGAL,TROON,55.541332,-4.659948,4491
CABO ORTEGAL,TROON,55.541332,-4.659948,4491
GENESIS,BUCKIE,57.677392,-2.967311,4484
ENDURANCE,PETERHEAD,57.508123,-1.784066,4456
ARMAVEN UNO,VIGO,42.2405989,-8.7207268,4447
ARTEMIS,NORTH SHIELDS,55.010762,-1.449138,4355
EMULATOR,SCARBOROUGH,54.283113,-0.399752,4353
DEESIDE,BUCKIE,57.677392,-2.967311,4334
ALLEGIANCE,SCARBOROUGH,54.283113,-0.399752,4182
REBECCA,EYEMOUTH,55.869058,-2.091068,4130
NIMROD,ARDGLASS,54.26019,-5.61015,4118
PATRICIA MARTA,AYR,55.458564,-4.629179,4061
ISABELLA,CASTLEBAY,56.954527,-7.486566,3927
GERRY ANN C,BRIXHAM,50.39514,-3.513924,3876
EBEN HAEZER,SCARBOROUGH,54.283113,-0.399752,3875
MAREIXON,AYR,55.458564,-4.629179,3838
LADY MAUREEN,BRIXHAM,50.39514,-3.513924,3833
EDER SANDS,AYR,55.458564,-4.629179,3772
DISCOVERY,BUCKIE,57.677392,-2.967311,3640
UDRA,NORTH SHIELDS,55.010762,-1.449138,3552
PLEIADES,FRASERBURGH,57.693352,-2.007631,3540
STRATHMORE,KILKEEL,54.0630359,-6.0069415,3517
OCEAN DAWN,GRIMSBY,53.567471,-0.080784,3505
SEARCHER,BUCKIE,57.677392,-2.967311,3466
VIGILANT,FRASERBURGH,57.693352,-2.007631,3462
ANSGAR,NORTH SHIELDS,55.010762,-1.449138,3413
SHEMARAH II,GRANTON,44.5888512,-90.4612469,3371
KINGFISHER,BALLANTRAE,55.100278,-5.004722,3324
ACCORD,BUCKIE,57.677392,-2.967311,3320
ATLANTIC CHALLENGE,PETERHEAD,57.508123,-1.784066,3282
SILVER FERN,ARDGLASS,54.26019,-5.61015,3279
CRYSTAL RIVER A,AMBLE,55.331461,-1.585261,3255
PREVAIL,SCALLOWAY AND ISLES,60.137715,-1.282203,3250
PREVAIL,SCALLOWAY AND ISLES,60.137715,-1.282203,3250
PREVAIL,SCALLOWAY AND ISLES,60.137715,-1.282203,3250
CALEDONIA II,BUCKIE,57.677392,-2.967311,3224
OUR SHARON,SCARBOROUGH,54.283113,-0.399752,3199
ANTARES,KILKEEL,54.0630359,-6.0069415,3165
CAROUSEL,SCARBOROUGH,54.283113,-0.399752,3146
BRISCA,AYR,55.458564,-4.629179,3111
BRISCA,AYR,55.458564,-4.629179,3111
BRISCA,AYR,55.458564,-4.629179,3111
SCOTT K,ANNALONG,54.10771,-5.90109,3105
MOREMMA,PETERHEAD,57.508123,-1.784066,3099
BRACODEN,FRASERBURGH,57.693352,-2.007631,3065
LOCH INCHARD II,KINLOCHBERVIE,58.458818,-5.049152,3033
RADIANCE,LERWICK,60.155823,-1.144569,3012
ARDENT II,HOPEMAN,57.70625,-3.434834,2941
VIRTUOUS,FRASERBURGH,57.693352,-2.007631,2910
HORIZON 11,FRASERBURGH,57.693352,-2.007631,2896
ISADALE,FLEETWOOD,53.916661,-3.035673,2891
ACHILLES,KILKEEL,54.0630359,-6.0069415,2830
ATLANTIC,KILKEEL,54.0630359,-6.0069415,2807
SHARYN LOUISE,WHALSAY AND SKERRIES,60.2915931,-0.9537366,2804
LYNDEN II,GARDENSTOWN,57.666,-2.333,2744
REPLENISH,FRASERBURGH,57.693352,-2.007631,2693
AQUARIUS,MACDUFF,57.67059,-2.497849,2673
AQUARIUS,MACDUFF,57.67059,-2.497849,2673
AQUARIUS,MACDUFF,57.67059,-2.497849,2673
AQUARIUS,MACDUFF,57.67059,-2.497849,2673
ANTARIES,FRASERBURGH,57.693352,-2.007631,2648
SUPREME,ARDGLASS,54.26019,-5.61015,2631
OCEAN REWARD IV,BUCKIE,57.677392,-2.967311,2605
TRANQUILLITY,FRASERBURGH,57.693352,-2.007631,2576
VALHALLA,FRASERBURGH,57.693352,-2.007631,2566
NORLAN,WHITEHILLS,57.676859,-2.580352,2560
NICOLA ANNE,WEST MERSEA,51.777645,0.928821,2544
COELLEIRA,AYR,55.458564,-4.629179,2499
CHALLENGER,AYR,55.458564,-4.629179,2491
OUR MIRANDA,SHOREHAM,50.8342086,-0.2715558,2463
SHEMARAH II,GRANTON,44.5888512,-90.4612469,2421
EXCEL,DARTMOUTH,44.6652059,-63.5677427,2419
EXCEL,DARTMOUTH,44.6652059,-63.5677427,2419
JUBILEE SPIRIT,GRIMSBY,53.567471,-0.080784,2397
ARDENT,LERWICK,60.155823,-1.144569,2386
MORAY ENDEAVOUR,BUCKIE,57.677392,-2.967311,2374
CARINA,MACDUFF,57.67059,-2.497849,2342
ORION,FRASERBURGH,57.693352,-2.007631,2287
ENDURANCE,PETERHEAD,57.508123,-1.784066,2278
ENDEAVOUR,GRANTON,44.5888512,-90.4612469,2271
LUC,NORTH SHIELDS,55.010762,-1.449138,2253
ANGUS ROSE III,CARRADALE,55.591,-5.47,2195
GLEANER II,CAMPBELTOWN,55.424117,-5.605374,2194
AYR DAWN,NORTH SHIELDS,55.010762,-1.449138,2193
PORT OF AYR,NORTH SHIELDS,55.010762,-1.449138,2157
SURMOUNT,BUCKIE,57.677392,-2.967311,2145
MAREIXON,AYR,55.458564,-4.629179,2122
MONTE MAZANTEU,FLEETWOOD,53.916661,-3.035673,2109
SILVER HARVESTER,PORTAVOGIE,54.46208,-5.44743,2096
SPARKLING SEA,KILKEEL,54.0630359,-6.0069415,2095
LADY T EMIEL,BRIXHAM,50.39514,-3.513924,2087
ANGEL EMIEL,BRIXHAM,50.39514,-3.513924,2084
ANGEL EMIEL,BRIXHAM,50.39514,-3.513924,2084
BERLEWEN,PADSTOW,50.542062,-4.939017,2057
GOLDEN EMBLEM,PORTAVOGIE,54.46208,-5.44743,2050
SUNLIGHT RAY,FRASERBURGH,57.693352,-2.007631,2045
DAYSTAR,FRASERBURGH,57.693352,-2.007631,2034
TAHUME,AYR,55.458564,-4.629179,2015
VALHALLA,FRASERBURGH,57.693352,-2.007631,2008
TRANSCEND,BUCKIE,57.677392,-2.967311,2001
BRISAN,NORTH SHIELDS,55.010762,-1.449138,1994
AMITY II,PETERHEAD,57.508123,-1.784066,1991
NORTHERN DAWN,KILKEEL,54.0630359,-6.0069415,1965
CHRISTIAN M,AYR,55.458564,-4.629179,1937
GERTRUDE ANN,KILKEEL,54.0630359,-6.0069415,1928
SUFFOLK CHIEFTAIN,FLEETWOOD,53.916661,-3.035673,1913
VALHALLA,FRASERBURGH,57.693352,-2.007631,1904
CERULEAN,BIDEFORD,51.016684,-4.206666,1888
SILVER DAWN,KILKEEL,54.0630359,-6.0069415,1869
SILVER DAWN,KILKEEL,54.0630359,-6.0069415,1869
KARIMA,KILKEEL,54.0630359,-6.0069415,1847
CAAREEN,KILKEEL,54.0630359,-6.0069415,1845
PREVAIL,SCALLOWAY AND ISLES,60.137715,-1.282203,1819
SILVER FERN,ARDGLASS,54.26019,-5.61015,1818
FISHER BOYS,WHITEHILLS,57.676859,-2.580352,1812
UBEROUS,FRASERBURGH,57.693352,-2.007631,1795
ADMIRAL BLAKE,PLYMOUTH,50.3754565,-4.1426565,1770
EMILIA JAYNE,BRIXHAM,50.39514,-3.513924,1766
ELLEN,PORTAVOGIE,54.46208,-5.44743,1763
OCEAN REAPER IV,PETERHEAD,57.508123,-1.784066,1756
OCEAN HARVESTER,KILKEEL,54.0630359,-6.0069415,1755
AURELIA,BELFAST,54.597285,-5.93012,1712
JUBILEE PRIDE,GRIMSBY,53.567471,-0.080784,1700
COURAGE,ULLAPOOL,57.895418,-5.161313,1697
ALERT,WEST MAINLAND (SHETLAND),60.3206726,-1.2885775,1695
OCEAN WAY,BUCKIE,57.677392,-2.967311,1688
WILLIAM MARY,NEWHAVEN,50.79307,0.045574,1666
SARAH LENA,HASTINGS,40.5862583,-98.3898726,1663
REJOICE,EXMOUTH,50.619957,-3.413702,1648
RADIANT STAR,LERWICK,60.155823,-1.144569,1646
NORTHERN VENTURE,KILKEEL,54.0630359,-6.0069415,1640
AMELIA,KILKEEL,54.0630359,-6.0069415,1638
RELIANCE II,FRASERBURGH,57.693352,-2.007631,1633
OCEAN PRIDE,NEWLYN,50.107058,-5.5503289,1626
ST GEORGES,NEWLYN,50.107058,-5.5503289,1594
CHRISTINA S,FRASERBURGH,57.693352,-2.007631,1591
REBECCA JENEEN,MALLAIG,57.003813,-5.827173,1590
AALTJE ADRIAANTJE,NEWLYN,50.107058,-5.5503289,1575
ELEGANCE,PETERHEAD,57.508123,-1.784066,1570
FRUITFUL BOUGH,PETERHEAD,57.508123,-1.784066,1563
ZENITH,KILKEEL,54.0630359,-6.0069415,1563
MORNING DAWN,ARDGLASS,54.26019,-5.61015,1523
MORNING DAWN,ARDGLASS,54.26019,-5.61015,1523
MORNING DAWN,ARDGLASS,54.26019,-5.61015,1523
FREEDOM III,TROON,55.541332,-4.659948,1521
THREE SISTERS,KILKEEL,54.0630359,-6.0069415,1515
BILLY ROWNEY,NEWLYN,50.107058,-5.5503289,1503
EL-SHADDAI,GARDENSTOWN,57.666,-2.333,1492
EL-SHADDAI,GARDENSTOWN,57.666,-2.333,1492
ELLORAH,FRASERBURGH,57.693352,-2.007631,1484
STELISSA,NEWLYN,50.107058,-5.5503289,1477
AMETHYST,KILKEEL,54.0630359,-6.0069415,1471
HARVEST REAPER,NEWLYN,50.107058,-5.5503289,1451
COMRADES,SCALLOWAY AND ISLES,60.137715,-1.282203,1433
COMRADES,SCALLOWAY AND ISLES,60.137715,-1.282203,1433
COMRADES,SCALLOWAY AND ISLES,60.137715,-1.282203,1433
COMRADES,SCALLOWAY AND ISLES,60.137715,-1.282203,1433
FILADELFIA,NEWLYN,50.107058,-5.5503289,1401
KERRIE MARIE,BRIXHAM,50.39514,-3.513924,1399
WILLIAM SAMPSON STEVENSON,NEWLYN,50.107058,-5.5503289,1387
GUIDE US,FRASERBURGH,57.693352,-2.007631,1371
JUBILEE QUEST,GRIMSBY,53.567471,-0.080784,1368
LLOYD TYLER,BRIXHAM,50.39514,-3.513924,1359
SHARON ROSE,STORNOWAY,58.209435,-6.3848692,1352
FAITHFUL,FRASERBURGH,57.693352,-2.007631,1351
BOY ANDREW,ARDGLASS,54.26019,-5.61015,1339
COPIOUS,LERWICK,60.155823,-1.144569,1334
SPES MARIS,ARDGLASS,54.26019,-5.61015,1294
TICINO,NORTH SHIELDS,55.010762,-1.449138,1293
REPLENISH,FRASERBURGH,57.693352,-2.007631,1283
TREVESSA 1V,NEWLYN,50.107058,-5.5503289,1283
OCEANUS,KILKEEL,54.0630359,-6.0069415,1282
SHAULORA,FRASERBURGH,57.693352,-2.007631,1272
ELEGANT II,PORTAVOGIE,54.46208,-5.44743,1267
ELEGANT II,PORTAVOGIE,54.46208,-5.44743,1267
LISA JACQUELINE STEVENSON,NEWLYN,50.107058,-5.5503289,1243
WILLIAM STEVENSON,NEWLYN,50.107058,-5.5503289,1236
EMILY ROSE,BRIXHAM,50.39514,-3.513924,1219
BRACODEN,FRASERBURGH,57.693352,-2.007631,1212
STARLIGHT SPLENDOUR,PORTAVOGIE,54.46208,-5.44743,1208
ELLEN MAC,EYEMOUTH,55.869058,-2.091068,1205
AUBRIETIA,PORTAVOGIE,54.46208,-5.44743,1197
CHARISMA,MACDUFF,57.67059,-2.497849,1194
FRUITFUL HARVEST 111,GRIMSBY,53.567471,-0.080784,1186
LAUNCH OUT,PITTENWEEM,56.214,-2.732285,1179
NEW VENTURE,ARDGLASS,54.26019,-5.61015,1169
KAREN N,NEWLYN,50.107058,-5.5503289,1166
KAREN N,NEWLYN,50.107058,-5.5503289,1166
KAREN N,NEWLYN,50.107058,-5.5503289,1166
OCEAN WAY,BUCKIE,57.677392,-2.967311,1159
ONWARD STAR,BRIDLINGTON,54.08535,-0.198802,1159
TRANQUILITY,LERWICK,60.155823,-1.144569,1156
ABILITY,KILKEEL,54.0630359,-6.0069415,1152
ABILITY,KILKEEL,54.0630359,-6.0069415,1152
SUCCESS III,NORTH SHIELDS,55.010762,-1.449138,1136
CARALISA,MALLAIG,57.003813,-5.827173,1134
AMBITIOUS,PORTAVOGIE,54.46208,-5.44743,1134
AMY HARRIS IV,CAMPBELTOWN,55.424117,-5.605374,1131
RIBHINN DONN II,PORTAVOGIE,54.46208,-5.44743,1125
ACHIEVE,FRASERBURGH,57.693352,-2.007631,1119
GIRL ANN III,PORTAVOGIE,54.46208,-5.44743,1101
GIRL ANN III,PORTAVOGIE,54.46208,-5.44743,1101
GIRL ANN III,PORTAVOGIE,54.46208,-5.44743,1101
SPARKLING WATERS,OBAN,56.415157,-5.471047,1075
SANCTA MARIA,ARDGLASS,54.26019,-5.61015,1059
OUR OLIVIA BELLE,ILFRACOMBE,51.205163,-4.126762,1058
WHITE HEATHER VI,EYEMOUTH,55.869058,-2.091068,1053
WHITE HEATHER VI,EYEMOUTH,55.869058,-2.091068,1053
NEW VENTURE,ARDGLASS,54.26019,-5.61015,1052
ONWARD,KILKEEL,54.0630359,-6.0069415,1052
CRYSTAL STREAM,PORT SETON,55.9703078,-2.9455236,1047
ATLAS,CAMPBELTOWN,55.424117,-5.605374,1038
TRUE TOKEN,ARDGLASS,54.26019,-5.61015,1025
REBECCAN,WEST MERSEA,51.777645,0.928821,1024
REBECCAN,WEST MERSEA,51.777645,0.928821,1024
BOUNTIFUL,FRASERBURGH,57.693352,-2.007631,1012
STELLA MARIS,CAMPBELTOWN,55.424117,-5.605374,1007
RHODANNA,PORTAVOGIE,54.46208,-5.44743,993
WINAWAY,FOLKESTONE,51.081397,1.169456,979
BEVERLY ANN,NORTH SHIELDS,55.010762,-1.449138,950
ACHIEVE,FRASERBURGH,57.693352,-2.007631,942
SAPPHIRE II,NEWLYN,50.107058,-5.5503289,942
ARCTURUS,HOPEMAN,57.70625,-3.434834,937
CHRISTINA,BRIXHAM,50.39514,-3.513924,926
OCEAN VENTURE,PORTAVOGIE,54.46208,-5.44743,923
KEMARVIN,MACDUFF,57.67059,-2.497849,922
PILOT US,ARDGLASS,54.26019,-5.61015,922
JACOBA,BRIXHAM,50.39514,-3.513924,919
BENAIAH IV,KILKEEL,54.0630359,-6.0069415,915
DAWN WATCH II,TROON,55.541332,-4.659948,911
FRIGATE BIRD,TARBERT,55.863246,-5.415608,909
GRATITUDE,FRASERBURGH,57.693352,-2.007631,901
O GENITA,NORTH SHIELDS,55.010762,-1.449138,899
WAVECREST,STORNOWAY,58.209435,-6.3848692,898
ARCANE,KILKEEL,54.0630359,-6.0069415,898
OCEAN MAID,TROON,55.541332,-4.659948,893
CHARISMA,MACDUFF,57.67059,-2.497849,891
MARANATHA,PORTAVOGIE,54.46208,-5.44743,888
SILVER DEE,ARDGLASS,54.26019,-5.61015,887
UBIQUE,ANNAN,54.990246,-3.259773,882
SILVER WAVE,FRASERBURGH,57.693352,-2.007631,880
STRONSAY LAD,STRONSAY,59.1068844,-2.6000637,863
CORNISHMAN,NEWLYN,50.107058,-5.5503289,858
ALBION,BALLANTRAE,55.100278,-5.004722,848
ATHENA M,NEWLYN,50.107058,-5.5503289,833
ALISON MARY,ARDGLASS,54.26019,-5.61015,831
ARLANDA,KILKEEL,54.0630359,-6.0069415,825
NIMROD,ARDGLASS,54.26019,-5.61015,822
NIMROD,ARDGLASS,54.26019,-5.61015,822
NIMROD,ARDGLASS,54.26019,-5.61015,822
GOOD HOPE,PORTAVOGIE,54.46208,-5.44743,803
BONA FIDE,KILKEEL,54.0630359,-6.0069415,803
MARELANN,STORNOWAY,58.209435,-6.3848692,802
OCEAN VENTURE,PORTAVOGIE,54.46208,-5.44743,792
ALGRIE,NEWLYN,50.107058,-5.5503289,786
SHARONA,GOURDON,44.736788,1.381867,785
FAITHFUL,FRASERBURGH,57.693352,-2.007631,782
GALWAD-Y-MOR,MEVAGISSEY,50.270076,-4.787462,776
SANRENE,WHITEHAVEN,54.549699,-3.589233,772
VAL G,ARDGLASS,54.26019,-5.61015,770
GIRL MARY,KILKEEL,54.0630359,-6.0069415,768
GOOD FELLOWSHIP,SEAHOUSES,55.581148,-1.651159,754
SERENE DAWN,LOWESTOFT,52.481138,1.753449,754
SPES BONA V,DUNURE,55.406937,-4.757339,753
MIZPAH,PORTAFERRY,54.3809,-5.5486,746
OCEAN HUNTER,AYR,55.458564,-4.629179,743
PROVIDENCE IV,PORTAVOGIE,54.46208,-5.44743,740
RAMBLING ROSE,PORTAVOGIE,54.46208,-5.44743,740
WESTERN VENTURE,WEST MAINLAND (SHETLAND),60.3206726,-1.2885775,739
SEA MOURNE,ARDGLASS,54.26019,-5.61015,739
CELTIC DAWN,MEVAGISSEY,50.270076,-4.787462,737
PROVIDER,MILFORD HAVEN,51.714306,-5.042697,731
CARHELMAR,BRIXHAM,50.39514,-3.513924,730
SAJENN,NEWHAVEN,50.79307,0.045574,727
WESTON BAY,TROON,55.541332,-4.659948,704
ASPIRE,PORTAVOGIE,54.46208,-5.44743,696
GROUSE III,OBAN,56.415157,-5.471047,682
SIOBHAN III,BALLYCASTLE,55.20143,-6.25518,676
AQUARIUS,MACDUFF,57.67059,-2.497849,670
SHALANNA,GARDENSTOWN,57.666,-2.333,660
BOY STUART,PORTAVOGIE,54.46208,-5.44743,658
SAGITTARIUS,PORTAVOGIE,54.46208,-5.44743,656
SUMMER DAWN II,PETERHEAD,57.508123,-1.784066,650
INDEPENDENCE,MALLAIG,57.003813,-5.827173,648
ALISA,ARDGLASS,54.26019,-5.61015,643
EXCEL,DARTMOUTH,44.6652059,-63.5677427,628
IONA,KIRKWALL,58.984674,-2.962249,625
UBEROUS,FRASERBURGH,57.693352,-2.007631,619
VENTURE AGAIN II,PITTENWEEM,56.214,-2.732285,618
BLUE SKY,BUCKIE,57.677392,-2.967311,610
BONAVENTURE,ARDGLASS,54.26019,-5.61015,610
NORTHERN VIKING,KILKEEL,54.0630359,-6.0069415,608
JASTLO C,MALLAIG,57.003813,-5.827173,603
BOY GORDON V,ABERDEEN,57.149717,-2.094278,601
BOY GORDON V,ABERDEEN,57.149717,-2.094278,601
BOY GORDON V,ABERDEEN,57.149717,-2.094278,601
KESTREL,BUCKIE,57.677392,-2.967311,600
BENARKLE,PETERHEAD,57.508123,-1.784066,600
BOUNTEOUS,ARDGLASS,54.26019,-5.61015,600
ADAPTABLE,NORTH SHIELDS,55.010762,-1.449138,599
PROSPERITY,MILFORD HAVEN,51.714306,-5.042697,597
ST ADRIAN,PITTENWEEM,56.214,-2.732285,593
ST ADRIAN,PITTENWEEM,56.214,-2.732285,593
COMRADE,STORNOWAY,58.209435,-6.3848692,586
ZENITH,KILKEEL,54.0630359,-6.0069415,585
J.J.,HARTLEPOOL,54.691745,-1.212926,584
TREVOSE,PLYMOUTH,50.3754565,-4.1426565,583
DANIELLE,BRIXHAM,50.39514,-3.513924,573
EILIDH,KYLE,29.9891052,-97.8772267,571
ELEGANCE,PETERHEAD,57.508123,-1.784066,560
CHRISTIAN M,AYR,55.458564,-4.629179,552
STEADFAST,CAMPBELTOWN,55.424117,-5.605374,551
ROSEMARY ANN,KILKEEL,54.0630359,-6.0069415,549
HARINGVLIET,BRIXHAM,50.39514,-3.513924,549
SHEMARAH,PORTAVOGIE,54.46208,-5.44743,543
HOLLIE J,BRIDLINGTON,54.08535,-0.198802,536
BOY GRANT III,BROADFORD,-37.2031018,145.0515541,529
CALEDONIA,CARRADALE,55.591,-5.47,528
ZOLEE,CAMPBELTOWN,55.424117,-5.605374,525
TRIBUTE,ARDGLASS,54.26019,-5.61015,524
MOYUNA,KILKEEL,54.0630359,-6.0069415,522
PROVIDER,MILFORD HAVEN,51.714306,-5.042697,517
HARVEST REAPER II,WHITBY,54.486335,-0.613347,510
WILLING LAD,KILKEEL,54.0630359,-6.0069415,510
ANDRIAS,ARDGLASS,54.26019,-5.61015,509
CHALLENGER,AYR,55.458564,-4.629179,505
COURAGE,ULLAPOOL,57.895418,-5.161313,496
TRUST,TROON,55.541332,-4.659948,495
TRUST,TROON,55.541332,-4.659948,495
TRUST,TROON,55.541332,-4.659948,495
STAR DIVINE,AMBLE,55.331461,-1.585261,495
ANGELENA,BRIXHAM,50.39514,-3.513924,494
ANGELENA,BRIXHAM,50.39514,-3.513924,494
ACCORD,BUCKIE,57.677392,-2.967311,478
SHALIMAR,KIRKWALL,58.984674,-2.962249,473
SPITFIRE,DUNBAR,56.002087,-2.516737,471
GEORGIA DAWN,ULLAPOOL,57.895418,-5.161313,460
JORDAN A,BRIXHAM,50.39514,-3.513924,455
REJOICE,EXMOUTH,50.619957,-3.413702,449
SILVER LINING III,KILKEEL,54.0630359,-6.0069415,446
DEFIANT,KIRKWALL,58.984674,-2.962249,440
BETHSHAN,NEWLYN,50.107058,-5.5503289,440
OCEAN SPIRIT,PLYMOUTH,50.3754565,-4.1426565,438
KILDONAN,ULLAPOOL,57.895418,-5.161313,437
ARTEMIS,NORTH SHIELDS,55.010762,-1.449138,431
MY AMBER,TORRIDON,57.544809,-5.511095,427
DAY DAWN,PORTAVOGIE,54.46208,-5.44743,420
IMMANUEL VII,KILKEEL,54.0630359,-6.0069415,414
MALKERRY,BRIXHAM,50.39514,-3.513924,412
SUNRISE,FRASERBURGH,57.693352,-2.007631,409
AMITY,KILKEEL,54.0630359,-6.0069415,409
MAYFLOWER OF PORTAVOGIE,ARDGLASS,54.26019,-5.61015,407
ORION,FRASERBURGH,57.693352,-2.007631,402
TRELAWNEY OF CORNWALL,OBAN,56.415157,-5.471047,402
COLINNE,FLEETWOOD,53.916661,-3.035673,390
G AND E,LOWESTOFT,52.481138,1.753449,388
FRANCHISE,ULLAPOOL,57.895418,-5.161313,382
FRANCHISE,ULLAPOOL,57.895418,-5.161313,382
FRANCHISE,ULLAPOOL,57.895418,-5.161313,382
VALHALLA,FRASERBURGH,57.693352,-2.007631,382
VALHALLA,FRASERBURGH,57.693352,-2.007631,382
SINCERITY S,SUNDERLAND,54.906869,-1.383801,382
GOELAND,ARDGLASS,54.26019,-5.61015,382
HEATHER SPRIG,FRASERBURGH,57.693352,-2.007631,375
SEARCHER,BUCKIE,57.677392,-2.967311,372
SEARCHER,BUCKIE,57.677392,-2.967311,372
MARTINE,BRIXHAM,50.39514,-3.513924,372
CHRISTEL STAR,BRIDLINGTON,54.08535,-0.198802,368
FIONNAGHAL,TARBERT,55.863246,-5.415608,367
RIAN JOHN,KILKEEL,54.0630359,-6.0069415,367
ZENITH,KILKEEL,54.0630359,-6.0069415,366
ASPIRE II,CAMPBELTOWN,55.424117,-5.605374,364
ALLIANCE,CAMPBELTOWN,55.424117,-5.605374,360
LYONESSE,NEWLYN,50.107058,-5.5503289,360
VIRTUOUS,FRASERBURGH,57.693352,-2.007631,359
CHARLES EDWARD,FOLKESTONE,51.081397,1.169456,358
SILVER FERN,ARDGLASS,54.26019,-5.61015,356
CRUSADER,FLEETWOOD,53.916661,-3.035673,356
GLENUGIE,PETERHEAD,57.508123,-1.784066,355
CORINA II,LOWESTOFT,52.481138,1.753449,347
SANELA,PITTENWEEM,56.214,-2.732285,340
GIRL DEBRA,BRIXHAM,50.39514,-3.513924,340
GOLDEN FLEECE,NORTH SHIELDS,55.010762,-1.449138,335
JACOMINA,BRIXHAM,50.39514,-3.513924,332
TRANQUILITY,LERWICK,60.155823,-1.144569,323
PROVIDER II,PLYMOUTH,50.3754565,-4.1426565,321
CABO ORTEGAL,TROON,55.541332,-4.659948,320
DESTINY,CAMPBELTOWN,55.424117,-5.605374,311
KAYLANA,KINLOCHBERVIE,58.458818,-5.049152,303
SINCERITY,STORNOWAY,58.209435,-6.3848692,300
SINCERE V,ANSTRUTHER,56.22298,-2.700539,300
IMOGEN III,NEWLYN,50.107058,-5.5503289,300
KINLOCH,WHITEHAVEN,54.549699,-3.589233,296
GIRL JEAN,PORT SETON,55.9703078,-2.9455236,291
DOMINATOR A,WHITBY,54.486335,-0.613347,284
ELLEN,PORTAVOGIE,54.46208,-5.44743,283
MIA JANE W,FRASERBURGH,57.693352,-2.007631,280
OCEAN HARVEST,MEVAGISSEY,50.270076,-4.787462,275
SHALANNA,GARDENSTOWN,57.666,-2.333,270
GALENA,KILKEEL,54.0630359,-6.0069415,269
MAIRI ANNA,ULLAPOOL,57.895418,-5.161313,266
DAYSTAR,FRASERBURGH,57.693352,-2.007631,266
LILACINA,PITTENWEEM,56.214,-2.732285,266
MARET,LOOE,50.3562269,-4.455232,266
MARET,LOOE,50.3562269,-4.455232,266
MARET,LOOE,50.3562269,-4.455232,266
JUBILEE SPIRIT,GRIMSBY,53.567471,-0.080784,265
MERCURIUS,MILFORD HAVEN,51.714306,-5.042697,265
LADY K,HOLYHEAD,53.309441,-4.633038,264
HOPE,SOUTHAMPTON,50.9097004,-1.4043509,263
KING EXPLORER,KIRKCUDBRIGHT,54.837569,-4.04878,261
KING EXPLORER,KIRKCUDBRIGHT,54.837569,-4.04878,261
SOLAN,NORTH SHIELDS,55.010762,-1.449138,256
BARBARA ANNE,WHITEHAVEN,54.549699,-3.589233,254
ADORATION II,CAMPBELTOWN,55.424117,-5.605374,252
ZOLEE,CAMPBELTOWN,55.424117,-5.605374,250
NAZANNA,WHITBY,54.486335,-0.613347,249
CATRIONA,PETERHEAD,57.508123,-1.784066,248
ACCORD III,OBAN,56.415157,-5.471047,247
OUR JAMES,MARYPORT,54.714441,-3.49494,246
IRIS,STORNOWAY,58.209435,-6.3848692,241
BETTY G II,EXMOUTH,50.619957,-3.413702,240
EQUINOX,BRIXHAM,50.39514,-3.513924,240
CAZADORA,POLPERRO,50.3316144,-4.5169902,238
BOUNTIFULL,PORTREE,57.412474,-6.196023,237
KING CHALLENGER,KIRKCUDBRIGHT,54.837569,-4.04878,237
VIRGO,BRIXHAM,50.39514,-3.513924,234
ELLEN,PORTAVOGIE,54.46208,-5.44743,233
EMMA KATHLEEN,GOURDON,44.736788,1.381867,229
TWILIGHT STAR,LEIGH-ON-SEA,51.5474028,0.6472769,226
SPARKLING STAR III,BIDEFORD,51.016684,-4.206666,226
GUIDING LIGHT III,PLYMOUTH,50.3754565,-4.1426565,225
RELIANCE,CAMPBELTOWN,55.424117,-5.605374,214
ZEPHYR,KILKEEL,54.0630359,-6.0069415,214
RED VIXEN,MEVAGISSEY,50.270076,-4.787462,212
SUSTAIN,PETERHEAD,57.508123,-1.784066,211
REBECCA,EYEMOUTH,55.869058,-2.091068,211
FULMAR,EYEMOUTH,55.869058,-2.091068,211
REVENGE,KIRKWALL,58.984674,-2.962249,210
BORDER LASSIE,MARYPORT,54.714441,-3.49494,210
ARCTIC MOON,AYR,55.458564,-4.629179,209
SHALIMAR,KIRKWALL,58.984674,-2.962249,207
KERRIE MARIE,BRIXHAM,50.39514,-3.513924,206
SOWENNA,NEWLYN,50.107058,-5.5503289,201
ATLAS,CAMPBELTOWN,55.424117,-5.605374,200
ATLAS,CAMPBELTOWN,55.424117,-5.605374,200
ATLAS,CAMPBELTOWN,55.424117,-5.605374,200
TRUE VINE,AMBLE,55.331461,-1.585261,200
OUR GRACE,KILKEEL,54.0630359,-6.0069415,200
SUE ELLEN,BIDEFORD,51.016684,-4.206666,200
SILVER STREAM,PLYMOUTH,50.3754565,-4.1426565,200
MARACESTINA,PETERHEAD,57.508123,-1.784066,198
ST APOLLO,KIRKCUDBRIGHT,54.837569,-4.04878,197
VIKINGBORG,MALLAIG,57.003813,-5.827173,194
ELLA,LOOE,50.3562269,-4.455232,193
BOUNTIFUL,FRASERBURGH,57.693352,-2.007631,191
DEFIANCE,FRASERBURGH,57.693352,-2.007631,190
FIVE SISTERS,CAMPBELTOWN,55.424117,-5.605374,190
NEW SEEKER,LYME REGIS,50.725156,-2.936639,185
KARINYA,FRASERBURGH,57.693352,-2.007631,184
FREEDOM II,SUNDERLAND,54.906869,-1.383801,183
AVOCET,FLEETWOOD,53.916661,-3.035673,183
GINA LOUISE,GUERNSEY,49.465691,-2.585278,181
ITSIE BITSIE,BOSTON,42.3584308,-71.0597732,181
CHANNEL VENTURE II,NORTH SHIELDS,55.010762,-1.449138,180
LEVEN MOR,BUTE,2.8,24.733333,180
BALCARY,NORTH SHIELDS,55.010762,-1.449138,179
BALCARY,NORTH SHIELDS,55.010762,-1.449138,179
SERENE DAWN,LOWESTOFT,52.481138,1.753449,178
SCOTIA STAR,TARBERT,55.863246,-5.415608,176
QUEST,STORNOWAY,58.209435,-6.3848692,173
QUEST,STORNOWAY,58.209435,-6.3848692,173
CATHRYN,NEWLYN,50.107058,-5.5503289,172
CATHRYN,NEWLYN,50.107058,-5.5503289,172
CATHRYN,NEWLYN,50.107058,-5.5503289,172
ALBION,BALLANTRAE,55.100278,-5.004722,171
PRIDE AND JOY,WHITBY,54.486335,-0.613347,171
ANTARES,KILKEEL,54.0630359,-6.0069415,170
L'ECUME II,SHOREHAM,50.8342086,-0.2715558,169
SEALGAIR MARA,GAIRLOCH,57.72822,-5.693912,168
OSPREY,ABERDEEN,57.149717,-2.094278,167
HOMARUS,DUNBAR,56.002087,-2.516737,165
STEPHANIE,MILFORD HAVEN,51.714306,-5.042697,164
LISA ANN,PLYMOUTH,50.3754565,-4.1426565,164
NATALIE,LOOE,50.3562269,-4.455232,164
SUNBEAM,FRASERBURGH,57.693352,-2.007631,163
BOY LUKIE,LEIGH-ON-SEA,51.5474028,0.6472769,163
JANWAL II,SUNDERLAND,54.906869,-1.383801,159
JANREEN,PORT SETON,55.9703078,-2.9455236,157
MILLIE G,NEWLYN,50.107058,-5.5503289,157
JENNY G,PORTSMOUTH,50.816667,-1.083333,156
LYNDEN II,GARDENSTOWN,57.666,-2.333,155
PARAVEL,LOOE,50.3562269,-4.455232,154
DAWN TREADER,TOBERMORY (ISLE OF MULL),56.621852,-6.070278,153
GERRY ANN,PLYMOUTH,50.3754565,-4.1426565,152
SYDO,BRIXHAM,50.39514,-3.513924,151
RENOWN J W,WHALSAY AND SKERRIES,60.2915931,-0.9537366,150
FRUITFUL BOUGH,PETERHEAD,57.508123,-1.784066,150
OLIVIA JEAN,AYR,55.458564,-4.629179,149
CODONGER TOO,WHITBY,54.486335,-0.613347,149
MY TARA,NEWQUAY,50.415497,-5.073719,145
MAR DE CRETA,CORUNNA,43.3623436,-8.4115401,144
OUR VENTURE,KIRKWALL,58.984674,-2.962249,140
LOYAL PARTNER,NEWQUAY,50.415497,-5.073719,137
CHIEFTAIN,PORTREE,57.412474,-6.196023,131
KINGFISHER,BALLANTRAE,55.100278,-5.004722,128
TAMARALYN,EYEMOUTH,55.869058,-2.091068,127
BAFFIN BAY,VIGO,42.2405989,-8.7207268,127
BAFFIN BAY,VIGO,42.2405989,-8.7207268,127
BAFFIN BAY,VIGO,42.2405989,-8.7207268,127
FRAM OF SHIELDAIG,TORRIDON,57.544809,-5.511095,125
SCOTIA,WHITEHAVEN,54.549699,-3.589233,125
LIBERATOR,LEIGH-ON-SEA,51.5474028,0.6472769,121
ASTERIA,PORTAVOGIE,54.46208,-5.44743,120
TRUE TO THE CORE,WALTON-ON-NAZE,51.848186,1.267736,119
TRUE TO THE CORE,WALTON-ON-NAZE,51.848186,1.267736,119
ELLA M,BUTE,2.8,24.733333,119
CALEDONIA II,BUCKIE,57.677392,-2.967311,118
LAMORNA,NEWLYN,50.107058,-5.5503289,118
LILY V,ABERDEEN,57.149717,-2.094278,115
SEMPER VICTORIA,AYR,55.458564,-4.629179,103
SEA VENTURE,AYR,55.458564,-4.629179,102
FLOURISH N,MACDUFF,57.67059,-2.497849,100
LADY JANE,OBAN,56.415157,-5.471047,100
ISLANDER,MARYPORT,54.714441,-3.49494,100
SILVER FERN,ARDGLASS,54.26019,-5.61015,99
NICOLA FAITH,MILFORD HAVEN,51.714306,-5.042697,99
HARVEST REAPER,NEWLYN,50.107058,-5.5503289,98
KIMBERLEY,BRIDLINGTON,54.08535,-0.198802,95
CELTIC STAR,HOLYHEAD,53.309441,-4.633038,95
KATY JANE,BRIXHAM,50.39514,-3.513924,95
FRAM III,BELFAST,54.597285,-5.93012,91
SILVER SPRAY 111,CAMPBELTOWN,55.424117,-5.605374,89
MARIGOLD,ANNAN,54.990246,-3.259773,89
ELAINALEE,BARROW,71.2905556,-156.7886111,88
CHALLENGER,AYR,55.458564,-4.629179,88
KYRENE,OBAN,56.415157,-5.471047,84
MADALIA,NORTH SHIELDS,55.010762,-1.449138,82
SINCERITY II,MARYPORT,54.714441,-3.49494,82
SYRINEN,WHITEHAVEN,54.549699,-3.589233,82
GIRL PAMELA,NEWLYN,50.107058,-5.5503289,82
ENTERPRISE,PETERHEAD,57.508123,-1.784066,81
EMULATOR,SCARBOROUGH,54.283113,-0.399752,80
HOLLIE J,BRIDLINGTON,54.08535,-0.198802,79
PRIDE OF WALES,HOLYHEAD,53.309441,-4.633038,78
GEESKE,BRIXHAM,50.39514,-3.513924,78
BEN LOYAL,AYR,55.458564,-4.629179,76
NORTH EASTERN,NORTH SHIELDS,55.010762,-1.449138,76
STJERNEN,MARYPORT,54.714441,-3.49494,76
TWO BROTHERS II,EXMOUTH,50.619957,-3.413702,76
TWO BROTHERS II,EXMOUTH,50.619957,-3.413702,76
TWO BROTHERS II,EXMOUTH,50.619957,-3.413702,76
SILVER WAVE,FRASERBURGH,57.693352,-2.007631,75
TRANQUILITY,LERWICK,60.155823,-1.144569,71
BELINDA II,ULLAPOOL,57.895418,-5.161313,70
NANCY GLEN,TARBERT,55.863246,-5.415608,70
PIONEER,PORT ELLEN,55.629351,-6.188893,70
PIONEER,PORT ELLEN,55.629351,-6.188893,70
CALEDONIA,CARRADALE,55.591,-5.47,70
ALASKA,BELFAST,54.597285,-5.93012,69
ROWENA,FOLKESTONE,51.081397,1.169456,69
WAVECREST,STORNOWAY,58.209435,-6.3848692,68
FORTITUDE,LOCHINVER,58.149735,-5.240615,68
TRELAWNEY OF CORNWALL,OBAN,56.415157,-5.471047,68
JUST REWARD,MACDUFF,57.67059,-2.497849,67
MICHELLE,TORRIDON,57.544809,-5.511095,67
VAN DIJCK,BRIXHAM,50.39514,-3.513924,66
HEATHER D,SWANSEA,51.62144,-3.943646,64
SARAH LENA,HASTINGS,40.5862583,-98.3898726,60
JENNAH D,SHOREHAM,50.8342086,-0.2715558,57
JENNAH D,SHOREHAM,50.8342086,-0.2715558,57
RAMBLING ROSE,PORTAVOGIE,54.46208,-5.44743,56
EILIDH,KYLE,29.9891052,-97.8772267,55
NATALIE ROSE II,OBAN,56.415157,-5.471047,54
OUR HERITAGE,BANGOR,44.8011821,-68.7778138,54
OCEAN QUEST,FRASERBURGH,57.693352,-2.007631,53
CHALLENGE A,BOSTON,42.3584308,-71.0597732,52
WAKEFUL,GRIMSAY,57.491944,-7.244167,50
VECTIS ENTERPRISE,PWLLHELI,52.888816,-4.4176339,50
CHARLOTTE,KINGS LYNN,52.75649,0.4001739,48
OUR LASS III,NORTH SHIELDS,55.010762,-1.449138,47
MISTY BLUE,BRIDLINGTON,54.08535,-0.198802,47
ORCADES II,PORT ISAAC,50.59382,-4.829978,47
EMMA JANE,SALCOMBE,50.23758,-3.769791,46
KINGFISHER,BALLANTRAE,55.100278,-5.004722,45
AUDREY PATRICIA,GRIMSBY,53.567471,-0.080784,45
BOY PAUL,RED BAY,34.4398202,-88.1408747,45
PATSY ANNE,WHITEHAVEN,54.549699,-3.589233,43
MARGARITA,CAMPBELTOWN,55.424117,-5.605374,40
ALLEGIANCE,SCARBOROUGH,54.283113,-0.399752,40
NORTHERN QUEST,KILKEEL,54.0630359,-6.0069415,40
COURAGE,ULLAPOOL,57.895418,-5.161313,39
EVENING STAR,PETERHEAD,57.508123,-1.784066,39
EVENING STAR,PETERHEAD,57.508123,-1.784066,39
EVENING STAR,PETERHEAD,57.508123,-1.784066,39
HELENUS,BUCKIE,57.677392,-2.967311,37
HELENUS,BUCKIE,57.677392,-2.967311,37
FAIRWAY TWO,KILKEEL,54.0630359,-6.0069415,37
SPINDRIFT,BRACADALE,57.360114,-6.406623,35
STELLA MARIS,CAMPBELTOWN,55.424117,-5.605374,33
VENUS II,LLANELLI,51.680886,-4.160248,33
JANE ELIZABETH,HASTINGS,40.5862583,-98.3898726,33
SAM LEWETTE II,NORTH SHIELDS,55.010762,-1.449138,32
TOBRACH N,KIRKCUDBRIGHT,54.837569,-4.04878,32
LEANA,KILKEEL,54.0630359,-6.0069415,32
CAROL ANN,KILKEEL,54.0630359,-6.0069415,32
FAIR LASS,NORTH UIST,57.5703765,-7.2812399,30
MARIGOLD,ANNAN,54.990246,-3.259773,30
JOBERT,CANVEY ISLAND,51.517083,0.578411,30
VERTROUWEN,KIRKCUDBRIGHT,54.837569,-4.04878,25
COWRIE BAY,KILKEEL,54.0630359,-6.0069415,25
LAUWERSZEE,BURNHAM-ON-CROUCH,51.628347,0.814539,25
SERENE,LERWICK,60.155823,-1.144569,24
PEADAR MARIE,PLYMOUTH,50.3754565,-4.1426565,24
MARY MANSON,TOBERMORY (ISLE OF MULL),56.621852,-6.070278,23
MARY MANSON,TOBERMORY (ISLE OF MULL),56.621852,-6.070278,23
MARY MANSON,TOBERMORY (ISLE OF MULL),56.621852,-6.070278,23
GIRL SHARON,CAMPBELTOWN,55.424117,-5.605374,23
OUR LASSIE,GRIMSBY,53.567471,-0.080784,23
OUR LASSIE,GRIMSBY,53.567471,-0.080784,23
OUR LASSIE,GRIMSBY,53.567471,-0.080784,23
OUR LASSIE,GRIMSBY,53.567471,-0.080784,23
MORNING STAR,PORTSMOUTH,50.816667,-1.083333,23
ONWARD,KILKEEL,54.0630359,-6.0069415,22
OUR SARAH JANE,NEWHAVEN,50.79307,0.045574,22
STELIMAR,SOUTH UIST & ERISKAY,57.0727277,-7.292431,21
AZULA,KIRKCUDBRIGHT,54.837569,-4.04878,20
PROVIDENCE,BRIDLINGTON,54.08535,-0.198802,20
NEW DAWN,PITTENWEEM,56.214,-2.732285,19
TRUSTFUL,NORTH SHIELDS,55.010762,-1.449138,19
HILDONA,KIRKWALL,58.984674,-2.962249,17
BONNIE LASS III,WHITEHAVEN,54.549699,-3.589233,17
GENESIS,BUCKIE,57.677392,-2.967311,16
SARDONYX II,PETERHEAD,57.508123,-1.784066,16
CLASINA,AYR,55.458564,-4.629179,16
SEA HARVESTER,KILKEEL,54.0630359,-6.0069415,16
AMETHYST,KILKEEL,54.0630359,-6.0069415,16
SONDRA,WHALSAY AND SKERRIES,60.2915931,-0.9537366,15
STRONSAY LAD,STRONSAY,59.1068844,-2.6000637,15
ACHIEVABLE,GREAT YARMOUTH,52.598233,1.728047,15
THREE JAYS,NEWQUAY,50.415497,-5.073719,15
GUIDING LIGHT,HOY,39.317778,-78.579722,15
GUIDING LIGHT,HOY,39.317778,-78.579722,15
HARVESTER,STONEHAVEN,56.963661,-2.209288,13
PROGRESS,OBAN,56.415157,-5.471047,13
CRIMSON ARROW IV,OBAN,56.415157,-5.471047,13
AQUINIS,KIRKCUDBRIGHT,54.837569,-4.04878,13
SWALLOW,LOOE,50.3562269,-4.455232,13
PROVIDER,MILFORD HAVEN,51.714306,-5.042697,12
PEGASUS,TOBERMORY (ISLE OF MULL),56.621852,-6.070278,11
OCEAN MAID,TROON,55.541332,-4.659948,11
SEA SWALLOW,KINGS LYNN,52.75649,0.4001739,11
LIBERATOR,LEIGH-ON-SEA,51.5474028,0.6472769,11
TEGEN MOR,NEWLYN,50.107058,-5.5503289,11
TEGEN MOR,NEWLYN,50.107058,-5.5503289,11
TEGEN MOR,NEWLYN,50.107058,-5.5503289,11
ACORN,PETERHEAD,57.508123,-1.784066,10
BUDDING ROSE,PETERHEAD,57.508123,-1.784066,10
IVY MAY,SCARBOROUGH,54.283113,-0.399752,10
LYNNMARIE,KILKEEL,54.0630359,-6.0069415,10
WHITE ROSE,LYBSTER,58.304216,-3.285232,9
WHITE ROSE,LYBSTER,58.304216,-3.285232,9
ENDURANCE,PETERHEAD,57.508123,-1.784066,9
DIGNITY JAY,LOCH SCRIDAIN (ISLE MULL),56.3621125,-6.0840964,9
QUEENSBERRY,ANNAN,54.990246,-3.259773,9
QUEENSBERRY,ANNAN,54.990246,-3.259773,9
VANQUISH,KILKEEL,54.0630359,-6.0069415,9
VANQUISH,KILKEEL,54.0630359,-6.0069415,9
ELVEN HUNTER,LEIGH-ON-SEA,51.5474028,0.6472769,9
LADY L,BRIXHAM,50.39514,-3.513924,8
VICTORY OF HELFORD,SCILLY ISLES,49.9166667,-6.3333333,8
KESTREL,BUCKIE,57.677392,-2.967311,7
MAR DE BENS,TROON,55.541332,-4.659948,7
GIRL ERRIN,CAMPBELTOWN,55.424117,-5.605374,7
SHALIMAR,KIRKWALL,58.984674,-2.962249,6
MADONNA,SEAHOUSES,55.581148,-1.651159,6
BORDER QUEEN,BLYTH,55.126957,-1.510277,6
BORDER QUEEN,BLYTH,55.126957,-1.510277,6
BORDER QUEEN,BLYTH,55.126957,-1.510277,6
AZTEC,KIRKCUDBRIGHT,54.837569,-4.04878,6
PORTUNUS,KINGS LYNN,52.75649,0.4001739,6
TENACIOUS,SALCOMBE,50.23758,-3.769791,6
BRILLIANT,CENTRAL MAINLAND (SHETLAND),60.122013,-1.213082,5
EMERALD DAWN,BUCKIE,57.677392,-2.967311,5
REBECCA JENEEN,MALLAIG,57.003813,-5.827173,5
FIRECREST,GRIMSBY,53.567471,-0.080784,5
ANA MARIA,GRIMSBY,53.567471,-0.080784,5
JOLENE,KINGS LYNN,52.75649,0.4001739,5
SUPERB-US,BRIXHAM,50.39514,-3.513924,5
SEAGULL,MACDUFF,57.67059,-2.497849,4
BUDDING ROSE,PETERHEAD,57.508123,-1.784066,4
DALWHINNIE,ABERDEEN,57.149717,-2.094278,4
FREDWOOD,ANNAN,54.990246,-3.259773,4
CAROLE ANNE,QUEENBOROUGH,51.4173171,0.7441736,4
MYSHA LUCY,BRIXHAM,50.39514,-3.513924,4
JACQUELINE ANNE,FRASERBURGH,57.693352,-2.007631,3
CALISHA,BUCKIE,57.677392,-2.967311,3
TARKA,COLL,56.6246136,-6.5618783,3
FAIR MORN,TROON,55.541332,-4.659948,3
ARGO,KIRKCUDBRIGHT,54.837569,-4.04878,3
ST BRENDAN,PORTAVOGIE,54.46208,-5.44743,3
ANTARES,KILKEEL,54.0630359,-6.0069415,3
HARMONI,PWLLHELI,52.888816,-4.4176339,3
LEWIS ANDREW,LEIGH-ON-SEA,51.5474028,0.6472769,3
OUR SARAH JAYNE,WHITSTABLE,51.361047,1.024256,3
LADY OF LUNDY,ILFRACOMBE,51.205163,-4.126762,3
ARNBORG,ULLAPOOL,57.895418,-5.161313,2
CORDELIA K,ULLAPOOL,57.895418,-5.161313,2
VALAURA,BENBECULA,57.4565187,-7.2820386,2
STAR OF JURA,OBAN,56.415157,-5.471047,2
STAR OF JURA,OBAN,56.415157,-5.471047,2
ACADEMUS,KIRKCUDBRIGHT,54.837569,-4.04878,2
PERSEVERANCE II,SCARBOROUGH,54.283113,-0.399752,2
PERSEVERANCE II,SCARBOROUGH,54.283113,-0.399752,2
RADIANT MORN,BRIDLINGTON,54.08535,-0.198802,2
LYNN PRINCESS,KINGS LYNN,52.75649,0.4001739,2
PROVIDING STAR,PORTSMOUTH,50.816667,-1.083333,2
PEN GLAS,SALCOMBE,50.23758,-3.769791,2
HEATHER K,WESTRAY,29.818468,-95.542115,2
NORONYA,KIRKWALL,58.984674,-2.962249,1
SIARACH III,STORNOWAY,58.209435,-6.3848692,1
WALRUS,ULLAPOOL,57.895418,-5.161313,1
CELESTIAL DAWN,GARDENSTOWN,57.666,-2.333,1
ENCHANTED,PORTREE,57.412474,-6.196023,1
ANN MARIE II,SOUTH UIST & ERISKAY,57.0727277,-7.292431,1
ANN MARIE II,SOUTH UIST & ERISKAY,57.0727277,-7.292431,1
SILVER SPRAY,OBAN,56.415157,-5.471047,1
URCHIN,OBAN,56.415157,-5.471047,1
ISLA S,AYR,55.458564,-4.629179,1
GERT JAN,SCARBOROUGH,54.283113,-0.399752,1
MERLIN,GRIMSBY,53.567471,-0.080784,1
VIKING WARRIOR,CEMAES BAY,53.412797,-4.451736,1
SARAH H,HOLYHEAD,53.309441,-4.633038,1
SARAH H,HOLYHEAD,53.309441,-4.633038,1
PAMELA MARY,KINGS LYNN,52.75649,0.4001739,1
SEIONT A,WHITSTABLE,51.361047,1.024256,1
SEIONT A,WHITSTABLE,51.361047,1.024256,1
AMADEUS,BRIXHAM,50.39514,-3.513924,1
SAPPHIRE II,NEWLYN,50.107058,-5.5503289,1
GREEN BRAE,GREENCASTLE,39.6444898,-86.8647316,1
CLANSMAN,ISLAY,-23.9591904,-63.2087212,1
